;binf;bsup;p0
0;0.17189501953125;3.73627685546875;2.32028955078125
1;0.00634765625;0.97314453125;0.06298828125
2;9520.430170012885;848890.9125347413;215836.7147282417
3;1.3215808895645087e-06;67.92525070055476;0.0028643840714933796
