;binf;bsup;p0
0;0.17189501953125;2.07615380859375;0.51368505859375
1;0.00830078125;0.97314453125;0.53955078125
2;42524.58809272422;3783196.2069720933;47158.71802244038
3;1.3215808895645087e-06;67.92525070055476;1.2748783617709826e-05
