;binf;bsup;p0
0;0.477064697265625;44.885356201171874;1.7465705566406249
1;0.0003662109375;0.872802734375;0.593994140625
2;91474.56496228762;4560642.124119253;1183984.194606986
3;1.021878858198237e-10;9.846596303195811;0.010776325557151946
