;binf;bsup;p0
0;0.17189501953125;10.18146044921875;0.75782080078125
1;0.00341796875;0.97314453125;0.58447265625
2;101551.25514680405;9365458.538239691;524295.2468862978
3;1.084316958237171e-06;88.9649112819833;9.910458562488609
