;binf;bsup;p0
0;0.31837646484375004;48.12015478515625;0.36720361328125
1;0.01025390625;0.99267578125;0.76416015625
2;14.186594135584828;530369.5442465454;148186.11006232476
3;1.3215808895645087e-06;38.89051999280317;5.280271456481318e-05
