;binf;bsup;p0
0;0.31837646484375004;49.92675927734375;0.6113393554687501
1;0.00439453125;0.99853515625;0.77294921875
2;27.355119567775887;6585855.241901146;307.7630437017223
3;1.1863661590503344e-06;88.9649112819833;0.00014459599030674115
