;binf;bsup;p0
0;0.31837646484375004;20.142198730468753;1.00195654296875
1;0.00048828125;0.87158203125;0.57666015625
2;31350.50250316411;3093037.1147791515;205423.79888753212
3;1.084316958237171e-06;97.33773809039202;0.9222395651044235
