;binf;bsup;p0
0;0.31837646484375004;20.142198730468753;1.34374658203125
1;0.00048828125;0.92724609375;0.52685546875
2;72409.54771698546;7143917.981231844;2620532.708715049
3;1.084316958237171e-06;97.33773809039202;5.186134191837928
