;binf;bsup;p0
0;0.36720361328125;49.14552490234375;0.51368505859375
1;0.0009765625;0.98486328125;0.73583984375
2;86.6354493618619;11047298.235026091;56720.566501745554
3;1.0273507681793025e-06;85.82103543253415;5.88208437619687e-05
