;binf;bsup;p0
0;0.36110021972656253;15.686721435546875;0.9653361816406251
1;0.000244140625;0.8797607421875;0.609130859375
2;114791.13253459522;5679572.940989692;445135.20498472475
3;1.0703874676355694e-10;9.635776515190065;9.994380034155532e-08
