;binf;bsup;p0
0;0.1169644775390625;0.7273038330078125;0.21461877441406252
1;0.019775390625;0.9725341796875;0.6468505859375
2;38439.623339989565;1566695.4483381507;120927.26815938384
3;2.5440027598848223e-10;6.628436998903509;0.5060851951802412
