;binf;bsup;p0
0;0.31837646484375004;49.19435205078125;0.75782080078125
1;0.0009765625;0.98779296875;0.71044921875
2;109.1131052603887;10989448.376583502;829.922184556627
3;1.0273507681793025e-06;85.82103543253415;0.045725266989693106
