;binf;bsup;p0
0;0.31837646484375004;24.536642089843753;0.6113393554687501
1;0.00048828125;0.92724609375;0.77294921875
2;8596.10552506112;848090.8217942829;27428.87455202152
3;1.084316958237171e-06;97.33773809039202;0.00014459599030674115
