;binf;bsup;p0
0;0.31837646484375004;10.18146044921875;0.75782080078125
1;0.00341796875;0.92724609375;0.65673828125
2;74894.05067076803;6907025.671951777;6200348.069194375
3;1.084316958237171e-06;88.9649112819833;50.93675216780135
