;binf;bsup;p0
0;0.31837646484375004;10.81621337890625;0.51368505859375
1;0.00341796875;0.92724609375;0.73583984375
2;37129.67766305024;3424245.7780438885;608926.5762008158
3;1.084316958237171e-06;88.9649112819833;5.88208437619687e-05
