;binf;bsup;p0
0;0.26954931640625;46.65534033203125;0.66016650390625
1;0.00439453125;0.93310546875;0.20849609375
2;10.058681903625871;984488.8984620793;148.40044763127634
3;1.4459599030674115e-06;38.89051999280317;0.0002665515731416115
