;binf;bsup;p0
0;0.17189501953125;0.7273038330078125;0.38551379394531254
1;0.019775390625;0.97314453125;0.4046630859375
2;20124.27339564157;820211.146482913;21008.045564262593
3;2.3620604919525897e-10;6.628436998903509;1.5718501208834635e-09
