;binf;bsup;p0
0;0.17189502;10;4
1;0.8;1;0.9
2;71349.10033;7200000;5000000
3;1.06E-10;50;10
