;binf;bsup;p0
0;0.17189501953125;5.542881347656251;0.17189501953125
1;0.00634765625;0.97314453125;0.97314453125
2;42524.58809272422;3904188.1647115564;850004.7753208078
3;1.084316958237171e-06;85.82103543253415;0.14989296487202608
