;binf;bsup;p0
0;0.257342529296875;9.339192138671875;0.5014782714843751
1;0.399658203125;0.979736328125;0.853271484375
2;2117110.951413381;104899433.01677355;32433900.645918377
3;1.0377990797353763e-10;9.695545875810941;0.0005206582260893327
