;binf;bsup;p0
0;0.31837646484375004;49.63379638671875;0.51368505859375
1;0.0009765625;0.99462890625;0.73583984375
2;42.2154722846969;3277349.4592351783;27291.825348906885
3;1.0273507681793025e-06;85.82103543253415;5.88208437619687e-05
