;binf;bsup;p0
0;0.20851538085937502;8.850920654296875;0.36110021972656253
1;0.075927734375;0.934326171875;0.8206787109375
2;115396.89048992285;5704093.812472514;1439694.4683309481
3;1.0703874676355694e-10;9.635776515190065;0.003551526332514381
