;binf;bsup;p0
0;0.31837646484375004;49.92675927734375;1.0996108398437499
1;0.00634765625;0.99853515625;0.37939453125
2;32.43273443134952;6445054.198439132;58249.51450917418
3;1.1863661590503344e-06;38.89051999280317;8.278825906280481
