;binf;bsup;p0
0;0.2878594970703125;2.771940673828125;0.80664794921875
1;0.0028076171875;0.8367919921875;0.42431640625
2;6235.480849913937;301956.6298582275;93139.4441455057
3;1.0572310800860974e-10;9.14238635064934;9.35818025582354e-09
