;binf;bsup;p0
0;0.26954931640625;49.19435205078125;1.24609228515625
1;0.00439453125;0.98388671875;0.02490234375
2;11.626547740929961;1954523.9407635487;23129.702849266912
3;1.3215808895645087e-06;38.89051999280317;0.10273507681793025
