;binf;bsup;p0
0;0.257342529296875;3.58979541015625;0.550305419921875
1;0.0028076171875;0.979736328125;0.677001953125
2;35692.16857718073;1727587.931483956;297299.3850422827
3;1.0572310800860974e-10;9.938353795251494;4.4935325362268904e-10
