;binf;bsup;p0
0;0.26954931640625;49.19435205078125;0.95312939453125
1;0.00439453125;0.91943359375;0.11181640625
2;11.251156116163418;2791001.6548422;31.907130414922214
3;1.4201811696858715e-06;38.89051999280317;1.4201811696858717
