;binf;bsup;p0
0;0.31837646484375004;48.46194482421875;0.31837646484375004
1;0.01025390625;0.99267578125;0.92724609375
2;16.9843490627633;3218410.7968155635;53.46100624869837
3;1.3215808895645087e-06;38.89051999280317;1.4989296487202608
