;binf;bsup;p0
0;0.36720361328125;49.87793212890625;0.75782080078125
1;0.0009765625;0.98779296875;0.71044921875
2;113.17806854728356;3005765.1798152467;549.7718386331212
3;1.0273507681793025e-06;85.82103543253415;0.045725266989693106
