;binf;bsup;p0
0;0.26954931640625;49.92675927734375;1.0996108398437499
1;0.00634765625;0.99853515625;0.37939453125
2;32.48732850610324;3703841.1510648374;40678.261586580804
3;1.1863661590503344e-06;38.89051999280317;0.0019988548118735103
