;binf;bsup;p0
0;0.379410400390625;15.686721435546875;1.34374658203125
1;0.000244140625;0.842041015625;0.52685546875
2;72287.11600243644;3576582.4324965817;1524273.5493147876
3;1.0572310800860974e-10;9.635776515190065;0.170966159588687
