;binf;bsup;p0
0;0.31837646484375004;6.226461425781251;0.31837646484375004
1;0.00634765625;0.92724609375;0.92626953125
2;36918.11254816107;3389456.88926451;1294676.7962464069
3;1.084316958237171e-06;85.82103543253415;3.491151937172442
