;binf;bsup;p0
0;0.31837646484375004;49.87793212890625;0.8554750976562501
1;0.0009765625;0.98779296875;0.67333984375
2;79.91044756025612;826769.0519843507;18665.314525004393
3;1.0273507681793025e-06;85.82103543253415;1.860078401807282e-06
