;binf;bsup;p0
0;0.17189501953125;1.0996108398437499;0.56251220703125
1;0.02099609375;0.87841796875;0.12451171875
2;39885.48290455161;3228627.7822827576;142412.86699016186
3;1.5538398312749738e-06;74.31795487839462;0.9733773809039202
