;binf;bsup;p0
0;0.17189501953125;4.3222026367187505;1.29491943359375
1;0.00634765625;0.97314453125;0.27392578125
2;29619.116084484554;2640993.9501080834;128897.34408044236
3;1.3215808895645087e-06;67.92525070055476;0.0005376117474555825
