;binf;bsup;p0
0;0.2878594970703125;2.1432911376953125;0.550305419921875
1;0.304931640625;0.8367919921875;0.677001953125
2;105822.87788079758;4642198.120642541;1524338.1933623014
3;1.3921202723761e-10;8.053893072043568;4.4935325362268904e-10
