;binf;bsup;p0
0;0.36110021972656253;4.261168701171876;0.4099273681640625
1;0.438720703125;0.8797607421875;0.8631591796875
2;467385.73148642725;22173392.075622752;1872241.3419512478
3;1.230171950453816e-10;7.66516458488508;4.1150951624112686e-08
