;binf;bsup;p0
0;0.5319952392578126;3.138144287109375;2.7292169189453124
1;0.0028076171875;0.5784912109375;0.0028076171875
2;9204.284160304498;445509.7817580408;359017.19270528003
3;1.1564060405421472e-10;9.938353795251494;0.1235716783530134
