;binf;bsup;p0
0;0.31837646484375004;48.55959912109375;0.75782080078125
1;0.0009765625;0.98486328125;0.58447265625
2;64.67234064280738;13777134.798372606;1885.5450141452977
3;1.0273507681793025e-06;85.82103543253415;9.910458562488609
