;binf;bsup;p0
0;0.31837646484375004;49.87793212890625;3.10152392578125
1;0.00048828125;0.97998046875;0.47509765625
2;234.85070238005352;8829149.018818023;2161413.01044016
3;1.0090350448414475e-06;97.33773809039202;6.097562352214592e-06
