;binf;bsup;p0
0;0.22072216796875002;47.77836474609375;0.46485791015625
1;0.00439453125;0.95458984375;0.55517578125
2;10.055575770415404;731865.8270812166;731865.8270812166
3;1.0459989534302535e-06;38.89051999280317;9.057977759425661
