;binf;bsup;p0
0;0.232928955078125;1.0385769042968749;0.7273038330078125
1;0.012451171875;0.724365234375;0.1014404296875
2;18089.234512936266;737268.4462767768;355408.59136307245
3;1.083707575810184e-10;5.289183955762967;1.9265932708547836e-06
