;binf;bsup;p0
0;0.17189501953125;1.0507836914062498;0.26954931640625
1;0.02099609375;0.97314453125;0.62255859375
2;20881.223402971103;1690281.6036656767;484161.570187825
3;1.5538398312749738e-06;74.31795487839462;0.7169167874147957
