;binf;bsup;p0
0;0.31837646484375004;20.142198730468753;0.75782080078125
1;0.00048828125;0.87158203125;0.65673828125
2;214093.59290064007;21122450.232217625;18539741.331192806
3;1.084316958237171e-06;97.33773809039202;50.93675216780135
