;binf;bsup;p0
0;0.31837646484375004;49.92675927734375;0.31837646484375004
1;0.00634765625;0.99755859375;0.92626953125
2;20.475882972243753;3218410.7968155635;223500.02132615287
3;1.1863661590503344e-06;85.82103543253415;3.491151937172442
