;binf;bsup;p0
0;0.31837646484375004;48.90138916015625;0.75782080078125
1;0.00048828125;0.92724609375;0.71044921875
2;172988.54819535685;17221232.451963913;742728.0979042831
3;1.064985635350429e-06;97.33773809039202;9.910458562488609
