;binf;bsup;p0
0;0.2878594970703125;3.9010684814453125;0.36110021972656253
1;0.1849365234375;0.9027099609375;0.8206787109375
2;162667.57890188642;7014212.66741642;676015.5817537259
3;1.0572310800860974e-10;9.695545875810941;1.139626909035068e-09
