;binf;bsup;p0
0;0.17189501953125;1.6367094726562499;1.0996108398437499
1;0.02099609375;0.97314453125;0.07470703125
2;24660.46568615848;2164515.2427949808;1112495.2068614538
3;1.3215808895645087e-06;67.92525070055476;0.0015820446994869038
