;binf;bsup;p0
0;0.26954931640625;49.19435205078125;0.46485791015625
1;0.00439453125;0.99267578125;0.55517578125
2;10.717680924125562;3391112.623379762;3391112.623379762
3;1.3215808895645087e-06;38.89051999280317;9.057977759425661
