;binf;bsup;p0
0;0.31837646484375004;49.92675927734375;2.56442529296875
1;0.00634765625;0.99853515625;0.06103515625
2;25.212825323843564;2387836.8928165515;223194.39885486502
3;1.1863661590503344e-06;38.89051999280317;0.0007041355154858087
