;binf;bsup;p0
0;0.17189501953125;2.07615380859375;0.46485791015625
1;0.00830078125;0.97314453125;0.55517578125
2;8991.517382789953;799929.5462503189;799929.5462503189
3;1.3215808895645087e-06;74.31795487839462;9.057977759425661
