;binf;bsup;p0
0;0.257342529296875;12.927987548828124;0.6784766845703125
1;0.157958984375;0.979736328125;0.7430419921875
2;175090.50904593707;8605308.272824364;432786.64935086615
3;1.215051613732749e-10;9.938353795251494;0.0003106773344318736
