;binf;bsup;p0
0;0.17189501953125;1.6367094726562499;0.56251220703125
1;0.02099609375;0.87841796875;0.35595703125
2;35382.40728883603;3105608.8266188814;90164.87342982159
3;1.5538398312749738e-06;67.92525070055476;0.0008896491128198331
