;binf;bsup;p0
0;0.36720361328125;49.19435205078125;0.46485791015625
1;0.0009765625;0.98486328125;0.79052734375
2;100.88754139322495;20430415.710309397;17471296.097529616
3;1.0273507681793025e-06;85.82103543253415;0.013699942677165546
