;binf;bsup;p0
0;0.31837646484375004;49.87793212890625;0.6113393554687501
1;0.00048828125;0.92724609375;0.77294921875
2;460233.72729610594;45611272.8342774;1481804.6110927397
3;1.0459989534302535e-06;97.33773809039202;0.00014459599030674115
